Name	Char	Start	End	Gene
Enhancer	chr1	161462330	161464330	HSPA6
Enhancer	chr1	161462830	161464830	HSPA6
Enhancer	chr1	161463330	161465330	HSPA6
Enhancer	chr1	161469830	161471830	HSPA6
Enhancer	chr1	161470330	161472330	HSPA6
Enhancer	chr1	161471330	161473330	HSPA6
Enhancer	chr1	161471830	161473830	HSPA6
Enhancer	chr1	161472330	161474330	HSPA6
Enhancer	chr1	161472830	161474830	HSPA6
Enhancer	chr1	161473330	161475330	HSPA6
Enhancer	chr1	161473830	161475830	HSPA6
Enhancer	chr1	161474330	161476330	HSPA6
Enhancer	chr1	161474830	161476830	HSPA6
Enhancer	chr1	161475330	161477330	HSPA6
Enhancer	chr1	161475830	161477830	HSPA6
Enhancer	chr1	161476330	161478330	HSPA6
Enhancer	chr1	161476830	161478830	HSPA6
Enhancer	chr1	161477330	161479330	HSPA6
Enhancer	chr1	161498830	161500830	HSPA6
Enhancer	chr1	161499330	161501330	HSPA6
Enhancer	chr1	161499830	161501830	HSPA6
Enhancer	chr1	161500330	161502330	HSPA6
Enhancer	chr1	161500830	161502830	HSPA6
Enhancer	chr1	161508330	161510330	HSPA6
Enhancer	chr1	161508830	161510830	HSPA6
Enhancer	chr1	161509330	161511330	HSPA6
Enhancer	chr1	161509830	161511830	HSPA6
Enhancer	chr1	161510330	161512330	HSPA6
Enhancer	chr1	20957948	20959948	PINK1
Enhancer	chr1	20958448	20960448	PINK1
Enhancer	chr1	20958948	20960948	PINK1
Enhancer	chr1	20959448	20961448	PINK1
Enhancer	chr1	20959948	20961948	PINK1
Enhancer	chr1	20960448	20962448	PINK1
Enhancer	chr1	20960948	20962948	PINK1
Enhancer	chr1	20984948	20986948	PINK1
Enhancer	chr1	20985448	20987448	PINK1
Enhancer	chr1	20985948	20987948	PINK1
Enhancer	chr1	20986448	20988448	PINK1
Enhancer	chr1	20986948	20988948	PINK1
Enhancer	chr1	20987448	20989448	PINK1
Enhancer	chr1	20987948	20989948	PINK1
Enhancer	chr1	20988448	20990448	PINK1
Enhancer	chr1	20988948	20990948	PINK1
Enhancer	chr1	89146327	89148327	PKN2
Enhancer	chr1	89146827	89148827	PKN2
Enhancer	chr1	89147327	89149327	PKN2
Enhancer	chr1	89147827	89149827	PKN2
Enhancer	chr1	89148327	89150327	PKN2
Enhancer	chr1	89148827	89150827	PKN2
Enhancer	chr1	89149327	89151327	PKN2
Enhancer	chr1	89149827	89151827	PKN2
Enhancer	chr1	89150327	89152327	PKN2
Enhancer	chr1	89150827	89152827	PKN2
Enhancer	chr1	89151327	89153327	PKN2
Enhancer	chr1	89151827	89153827	PKN2
Enhancer	chr10	14877159	14879159	HSPA14
Enhancer	chr10	14877659	14879659	HSPA14
Enhancer	chr10	14878159	14880159	HSPA14
Enhancer	chr10	14878659	14880659	HSPA14
Enhancer	chr10	14879159	14881159	HSPA14
Enhancer	chr10	14879659	14881659	HSPA14
Enhancer	chr10	14880159	14882159	HSPA14
Enhancer	chr10	14880659	14882659	HSPA14
Enhancer	chr10	14881159	14883159	HSPA14
Enhancer	chr10	14881659	14883659	HSPA14
Enhancer	chr10	14917659	14919659	HSPA14
Enhancer	chr10	14918159	14920159	HSPA14
Enhancer	chr10	14918659	14920659	HSPA14
Enhancer	chr10	14919159	14921159	HSPA14
Enhancer	chr10	14919659	14921659	HSPA14
Enhancer	chr10	14920159	14922159	HSPA14
Enhancer	chr10	14920659	14922659	HSPA14
Enhancer	chr10	14921159	14923159	HSPA14
Enhancer	chr10	14921659	14923659	HSPA14
Enhancer	chr10	14922159	14924159	HSPA14
Enhancer	chr10	14922659	14924659	HSPA14
Enhancer	chr10	14930159	14932159	HSPA14
Enhancer	chr11	122927543	122929543	HSPA8
Enhancer	chr11	122928043	122930043	HSPA8
Enhancer	chr11	122928543	122930543	HSPA8
Enhancer	chr11	122929043	122931043	HSPA8
Enhancer	chr11	122929543	122931543	HSPA8
Enhancer	chr11	122930043	122932043	HSPA8
Enhancer	chr11	122930543	122932543	HSPA8
Enhancer	chr11	122931043	122933043	HSPA8
Enhancer	chr11	122931543	122933543	HSPA8
Enhancer	chr11	122932043	122934043	HSPA8
Enhancer	chr11	122932543	122934543	HSPA8
Enhancer	chr11	122933043	122935043	HSPA8
Enhancer	chr11	122933543	122935543	HSPA8
Enhancer	chr11	122934043	122936043	HSPA8
Enhancer	chr11	122934543	122936543	HSPA8
Enhancer	chr11	122935043	122937043	HSPA8
Enhancer	chr11	122942043	122944043	HSPA8
Enhancer	chr11	122942543	122944543	HSPA8
Enhancer	chr11	122943043	122945043	HSPA8
Enhancer	chr11	122943543	122945543	HSPA8
Enhancer	chr11	122944043	122946043	HSPA8
Enhancer	chr12	104320612	104322612	HSP90B1
Enhancer	chr12	104321112	104323112	HSP90B1
Enhancer	chr12	104321612	104323612	HSP90B1
Enhancer	chr12	104322112	104324112	HSP90B1
Enhancer	chr12	104322612	104324612	HSP90B1
Enhancer	chr12	104323112	104325112	HSP90B1
Enhancer	chr12	104323612	104325612	HSP90B1
Enhancer	chr12	104324112	104326112	HSP90B1
Enhancer	chr12	104324612	104326612	HSP90B1
Enhancer	chr12	104325112	104327112	HSP90B1
Enhancer	chr12	104325612	104327612	HSP90B1
Enhancer	chr12	104326112	104328112	HSP90B1
Enhancer	chr12	104326612	104328612	HSP90B1
Enhancer	chr12	104347612	104349612	HSP90B1
Enhancer	chr12	104348112	104350112	HSP90B1
Enhancer	chr12	104348612	104350612	HSP90B1
Enhancer	chr12	104349112	104351112	HSP90B1
Enhancer	chr12	104349612	104351612	HSP90B1
Enhancer	chr12	104350112	104352112	HSP90B1
Enhancer	chr12	104350612	104352612	HSP90B1
Enhancer	chr12	104351112	104353112	HSP90B1
Enhancer	chr12	104351612	104353612	HSP90B1
Enhancer	chr12	104356112	104358112	HSP90B1
Enhancer	chr12	104356612	104358612	HSP90B1
Enhancer	chr12	104357112	104359112	HSP90B1
Enhancer	chr12	104357612	104359612	HSP90B1
Enhancer	chr12	104358112	104360112	HSP90B1
Enhancer	chr12	104358612	104360612	HSP90B1
Enhancer	chr12	104359112	104361112	HSP90B1
Enhancer	chr12	104359612	104361612	HSP90B1
Enhancer	chr12	104360112	104362112	HSP90B1
Enhancer	chr12	104360612	104362612	HSP90B1
Enhancer	chr12	104361112	104363112	HSP90B1
Enhancer	chr12	53757639	53759639	AMHR2
Enhancer	chr12	53758139	53760139	AMHR2
Enhancer	chr12	53758639	53760639	AMHR2
Enhancer	chr12	53759139	53761139	AMHR2
Enhancer	chr12	53759639	53761639	AMHR2
Enhancer	chr12	53763139	53765139	AMHR2
Enhancer	chr12	53763639	53765639	AMHR2
Enhancer	chr12	53764139	53766139	AMHR2
Enhancer	chr12	53764639	53766639	AMHR2
Enhancer	chr12	53765139	53767139	AMHR2
Enhancer	chr12	53770639	53772639	AMHR2
Enhancer	chr12	53771139	53773139	AMHR2
Enhancer	chr12	53771639	53773639	AMHR2
Enhancer	chr12	53772139	53774139	AMHR2
Enhancer	chr12	53772639	53774639	AMHR2
Enhancer	chr12	53773139	53775139	AMHR2
Enhancer	chr12	53774139	53776139	AMHR2
Enhancer	chr12	53774639	53776639	AMHR2
Enhancer	chr12	53775139	53777139	AMHR2
Enhancer	chr12	53775639	53777639	AMHR2
Enhancer	chr12	53813139	53815139	AMHR2
Enhancer	chr12	53813639	53815639	AMHR2
Enhancer	chr12	53814139	53816139	AMHR2
Enhancer	chr12	53814639	53816639	AMHR2
Enhancer	chr12	53815139	53817139	AMHR2
Enhancer	chr12	53816139	53818139	AMHR2
Enhancer	chr12	53816639	53818639	AMHR2
Enhancer	chr12	53817139	53819139	AMHR2
Enhancer	chr12	53817639	53819639	AMHR2
Enhancer	chr12	53818139	53820139	AMHR2
Enhancer	chr12	53818639	53820639	AMHR2
Enhancer	chr12	53819139	53821139	AMHR2
Enhancer	chr12	53819639	53821639	AMHR2
Enhancer	chr12	53820139	53822139	AMHR2
Enhancer	chr12	53833639	53835639	AMHR2
Enhancer	chr12	53834139	53836139	AMHR2
Enhancer	chr12	53834639	53836639	AMHR2
Enhancer	chr12	53835139	53837139	AMHR2
Enhancer	chr12	53835639	53837639	AMHR2
Enhancer	chr12	53836139	53838139	AMHR2
Enhancer	chr12	53836639	53838639	AMHR2
Enhancer	chr12	53837139	53839139	AMHR2
Enhancer	chr12	53844139	53846139	AMHR2
Enhancer	chr12	53844639	53846639	AMHR2
Enhancer	chr12	53845139	53847139	AMHR2
Enhancer	chr12	53845639	53847639	AMHR2
Enhancer	chr12	53846139	53848139	AMHR2
Enhancer	chr12	53846639	53848639	AMHR2
Enhancer	chr12	53847139	53849139	AMHR2
Enhancer	chr12	53847639	53849639	AMHR2
Enhancer	chr12	53848139	53850139	AMHR2
Enhancer	chr14	102548575	102550575	HSP90AA1
Enhancer	chr14	102549075	102551075	HSP90AA1
Enhancer	chr14	102549575	102551575	HSP90AA1
Enhancer	chr14	102550075	102552075	HSP90AA1
Enhancer	chr14	102550575	102552575	HSP90AA1
Enhancer	chr14	102551075	102553075	HSP90AA1
Enhancer	chr14	102551575	102553575	HSP90AA1
Enhancer	chr14	102552075	102554075	HSP90AA1
Enhancer	chr14	102552575	102554575	HSP90AA1
Enhancer	chr14	102553075	102555075	HSP90AA1
Enhancer	chr14	102553575	102555575	HSP90AA1
Enhancer	chr14	102559075	102561075	HSP90AA1
Enhancer	chr14	102559575	102561575	HSP90AA1
Enhancer	chr14	102560075	102562075	HSP90AA1
Enhancer	chr14	102560575	102562575	HSP90AA1
Enhancer	chr14	102561075	102563075	HSP90AA1
Enhancer	chr14	102561575	102563575	HSP90AA1
Enhancer	chr14	102562075	102564075	HSP90AA1
Enhancer	chr14	102562575	102564575	HSP90AA1
Enhancer	chr14	102603075	102605075	HSP90AA1
Enhancer	chr14	102603575	102605575	HSP90AA1
Enhancer	chr14	102604075	102606075	HSP90AA1
Enhancer	chr14	102604575	102606575	HSP90AA1
Enhancer	chr14	102605075	102607075	HSP90AA1
Enhancer	chr14	102605575	102607575	HSP90AA1
Enhancer	chr14	102606075	102608075	HSP90AA1
Enhancer	chr14	102606575	102608575	HSP90AA1
Enhancer	chr14	64967686	64969686	HSPA2
Enhancer	chr14	64968186	64970186	HSPA2
Enhancer	chr14	64968686	64970686	HSPA2
Enhancer	chr14	64969186	64971186	HSPA2
Enhancer	chr14	64969686	64971686	HSPA2
Enhancer	chr14	64970186	64972186	HSPA2
Enhancer	chr14	64970686	64972686	HSPA2
Enhancer	chr14	64971186	64973186	HSPA2
Enhancer	chr14	64971686	64973686	HSPA2
Enhancer	chr14	64972186	64974186	HSPA2
Enhancer	chr14	64972686	64974686	HSPA2
Enhancer	chr14	64973186	64975186	HSPA2
Enhancer	chr14	64973686	64975686	HSPA2
Enhancer	chr14	64974186	64976186	HSPA2
Enhancer	chr14	64974686	64976686	HSPA2
Enhancer	chr14	64975186	64977186	HSPA2
Enhancer	chr14	64975686	64977686	HSPA2
Enhancer	chr14	64976186	64978186	HSPA2
Enhancer	chr14	64976686	64978686	HSPA2
Enhancer	chr16	3764598	3766598	TRAP1
Enhancer	chr16	3765098	3767098	TRAP1
Enhancer	chr16	3765598	3767598	TRAP1
Enhancer	chr16	3766098	3768098	TRAP1
Enhancer	chr16	3766598	3768598	TRAP1
Enhancer	chr16	3767098	3769098	TRAP1
Enhancer	chr16	3767598	3769598	TRAP1
Enhancer	chr16	3768098	3770098	TRAP1
Enhancer	chr16	67867175	67869175	PSKH1
Enhancer	chr16	67867675	67869675	PSKH1
Enhancer	chr16	67873175	67875175	PSKH1
Enhancer	chr16	67873675	67875675	PSKH1
Enhancer	chr16	67874175	67876175	PSKH1
Enhancer	chr16	67874675	67876675	PSKH1
Enhancer	chr16	67875175	67877175	PSKH1
Enhancer	chr16	67875675	67877675	PSKH1
Enhancer	chr16	67876175	67878175	PSKH1
Enhancer	chr16	67876675	67878675	PSKH1
Enhancer	chr16	67877175	67879175	PSKH1
Enhancer	chr16	67877675	67879675	PSKH1
Enhancer	chr16	67878175	67880175	PSKH1
Enhancer	chr16	67878675	67880675	PSKH1
Enhancer	chr16	67879175	67881175	PSKH1
Enhancer	chr16	67879675	67881675	PSKH1
Enhancer	chr16	67880175	67882175	PSKH1
Enhancer	chr16	67880675	67882675	PSKH1
Enhancer	chr16	67881175	67883175	PSKH1
Enhancer	chr16	67881675	67883675	PSKH1
Enhancer	chr16	67882175	67884175	PSKH1
Enhancer	chr16	67889675	67891675	PSKH1
Enhancer	chr16	67890175	67892175	PSKH1
Enhancer	chr16	67890675	67892675	PSKH1
Enhancer	chr16	67891175	67893175	PSKH1
Enhancer	chr16	67891675	67893675	PSKH1
Enhancer	chr16	67894175	67896175	PSKH1
Enhancer	chr16	67894675	67896675	PSKH1
Enhancer	chr16	67904675	67906675	PSKH1
Enhancer	chr16	67905175	67907175	PSKH1
Enhancer	chr16	67905675	67907675	PSKH1
Enhancer	chr16	67906175	67908175	PSKH1
Enhancer	chr16	67906675	67908675	PSKH1
Enhancer	chr16	67907175	67909175	PSKH1
Enhancer	chr16	67907675	67909675	PSKH1
Enhancer	chr16	67908175	67910175	PSKH1
Enhancer	chr16	67908675	67910675	PSKH1
Enhancer	chr16	67925175	67927175	PSKH1
Enhancer	chr16	67925675	67927675	PSKH1
Enhancer	chr16	67926175	67928175	PSKH1
Enhancer	chr16	67926675	67928675	PSKH1
Enhancer	chr16	67927175	67929175	PSKH1
Enhancer	chr16	67927675	67929675	PSKH1
Enhancer	chr16	67928175	67930175	PSKH1
Enhancer	chr16	67928675	67930675	PSKH1
Enhancer	chr16	67950175	67952175	PSKH1
Enhancer	chr16	67950675	67952675	PSKH1
Enhancer	chr16	67951175	67953175	PSKH1
Enhancer	chr16	67951675	67953675	PSKH1
Enhancer	chr16	67954675	67956675	PSKH1
Enhancer	chr16	67955175	67957175	PSKH1
Enhancer	chr16	67955675	67957675	PSKH1
Enhancer	chr16	67966175	67968175	PSKH1
Enhancer	chr16	67966675	67968675	PSKH1
Enhancer	chr16	67967175	67969175	PSKH1
Enhancer	chr16	67967675	67969675	PSKH1
Enhancer	chr16	67968175	67970175	PSKH1
Enhancer	chr16	67968675	67970675	PSKH1
Enhancer	chr16	67969175	67971175	PSKH1
Enhancer	chr16	67969675	67971675	PSKH1
Enhancer	chr16	67970175	67972175	PSKH1
Enhancer	chr16	67970675	67972675	PSKH1
Enhancer	chr16	67971175	67973175	PSKH1
Enhancer	chr2	37381465	37383465	EIF2AK2
Enhancer	chr2	37381965	37383965	EIF2AK2
Enhancer	chr2	37382465	37384465	EIF2AK2
Enhancer	chr2	37382965	37384965	EIF2AK2
Enhancer	chr2	37383465	37385465	EIF2AK2
Enhancer	chr2	37383965	37385965	EIF2AK2
Enhancer	chr2	37384465	37386465	EIF2AK2
Enhancer	chr2	37421465	37423465	EIF2AK2
Enhancer	chr2	37421965	37423965	EIF2AK2
Enhancer	chr2	37422465	37424465	EIF2AK2
Enhancer	chr2	37422965	37424965	EIF2AK2
Enhancer	chr2	37423465	37425465	EIF2AK2
Enhancer	chr2	37423965	37425965	EIF2AK2
Enhancer	chr2	37424465	37426465	EIF2AK2
Enhancer	chr20	3745817	3747817	HSPA12B
Enhancer	chr20	3746317	3748317	HSPA12B
Enhancer	chr20	3746817	3748817	HSPA12B
Enhancer	chr20	3747317	3749317	HSPA12B
Enhancer	chr20	3747817	3749817	HSPA12B
Enhancer	chr20	3748317	3750317	HSPA12B
Enhancer	chr20	3749317	3751317	HSPA12B
Enhancer	chr20	3763817	3765817	HSPA12B
Enhancer	chr20	3764317	3766317	HSPA12B
Enhancer	chr20	3764817	3766817	HSPA12B
Enhancer	chr20	3765317	3767317	HSPA12B
Enhancer	chr20	3765817	3767817	HSPA12B
Enhancer	chr20	3766317	3768317	HSPA12B
Enhancer	chr20	3766817	3768817	HSPA12B
Enhancer	chr21	15752509	15754509	HSPA13
Enhancer	chr21	15753009	15755009	HSPA13
Enhancer	chr21	15753509	15755509	HSPA13
Enhancer	chr21	15754009	15756009	HSPA13
Enhancer	chr21	15754509	15756509	HSPA13
Enhancer	chr21	15755009	15757009	HSPA13
Enhancer	chr21	15755509	15757509	HSPA13
Enhancer	chr21	15756009	15758009	HSPA13
Enhancer	chr21	15756509	15758509	HSPA13
Enhancer	chr21	15757009	15759009	HSPA13
Enhancer	chr4	128700976	128702976	HSPA4L
Enhancer	chr4	128701476	128703476	HSPA4L
Enhancer	chr4	128701976	128703976	HSPA4L
Enhancer	chr4	128702476	128704476	HSPA4L
Enhancer	chr4	128702976	128704976	HSPA4L
Enhancer	chr4	128703476	128705476	HSPA4L
Enhancer	chr4	128703976	128705976	HSPA4L
Enhancer	chr4	128704476	128706476	HSPA4L
Enhancer	chr4	128704976	128706976	HSPA4L
Enhancer	chr4	128705476	128707476	HSPA4L
Enhancer	chr4	128705976	128707976	HSPA4L
Enhancer	chr5	132359662	132361662	HSPA4
Enhancer	chr5	132360162	132362162	HSPA4
Enhancer	chr5	132360662	132362662	HSPA4
Enhancer	chr5	132361162	132363162	HSPA4
Enhancer	chr5	132361662	132363662	HSPA4
Enhancer	chr5	132362162	132364162	HSPA4
Enhancer	chr5	132362662	132364662	HSPA4
Enhancer	chr5	132366662	132368662	HSPA4
Enhancer	chr5	132367162	132369162	HSPA4
Enhancer	chr5	132367662	132369662	HSPA4
Enhancer	chr5	132368162	132370162	HSPA4
Enhancer	chr5	132368662	132370662	HSPA4
Enhancer	chr5	132369162	132371162	HSPA4
Enhancer	chr5	132384162	132386162	HSPA4
Enhancer	chr5	132384662	132386662	HSPA4
Enhancer	chr5	132385162	132387162	HSPA4
Enhancer	chr5	132385662	132387662	HSPA4
Enhancer	chr5	132386162	132388162	HSPA4
Enhancer	chr5	132386662	132388662	HSPA4
Enhancer	chr5	132387162	132389162	HSPA4
Enhancer	chr5	132387662	132389662	HSPA4
Enhancer	chr5	132388162	132390162	HSPA4
Enhancer	chr5	132388662	132390662	HSPA4
Enhancer	chr5	132389162	132391162	HSPA4
Enhancer	chr5	132389662	132391662	HSPA4
Enhancer	chr5	137873318	137875318	HSPA9
Enhancer	chr5	137873818	137875818	HSPA9
Enhancer	chr5	137874318	137876318	HSPA9
Enhancer	chr5	137874818	137876818	HSPA9
Enhancer	chr5	137875318	137877318	HSPA9
Enhancer	chr5	137875818	137877818	HSPA9
Enhancer	chr5	137876318	137878318	HSPA9
Enhancer	chr5	137876818	137878818	HSPA9
Enhancer	chr5	137877318	137879318	HSPA9
Enhancer	chr5	137877818	137879818	HSPA9
Enhancer	chr5	137878318	137880318	HSPA9
Enhancer	chr5	137878818	137880818	HSPA9
Enhancer	chr5	137879318	137881318	HSPA9
Enhancer	chr5	137879818	137881818	HSPA9
Enhancer	chr5	137880318	137882318	HSPA9
Enhancer	chr5	137880818	137882818	HSPA9
Enhancer	chr5	137881318	137883318	HSPA9
Enhancer	chr5	137907818	137909818	HSPA9
Enhancer	chr5	137908318	137910318	HSPA9
Enhancer	chr5	137908818	137910818	HSPA9
Enhancer	chr5	137909318	137911318	HSPA9
Enhancer	chr5	137909818	137911818	HSPA9
Enhancer	chr5	137910318	137912318	HSPA9
Enhancer	chr5	137910818	137912818	HSPA9
Enhancer	chr5	137911318	137913318	HSPA9
Enhancer	chr5	137911818	137913818	HSPA9
Enhancer	chr5	137912318	137914318	HSPA9
Enhancer	chr5	137945318	137947318	HSPA9
Enhancer	chr5	137945818	137947818	HSPA9
Enhancer	chr6	112162655	112164655	FYN
Enhancer	chr6	112163155	112165155	FYN
Enhancer	chr6	112163655	112165655	FYN
Enhancer	chr6	112164155	112166155	FYN
Enhancer	chr6	112164655	112166655	FYN
Enhancer	chr6	112165155	112167155	FYN
Enhancer	chr6	112165655	112167655	FYN
Enhancer	chr6	112191155	112193155	FYN
Enhancer	chr6	112191655	112193655	FYN
Enhancer	chr6	112192155	112194155	FYN
Enhancer	chr6	112192655	112194655	FYN
Enhancer	chr6	112193155	112195155	FYN
Enhancer	chr6	112193655	112195655	FYN
Enhancer	chr6	112194155	112196155	FYN
Enhancer	chr6	112194655	112196655	FYN
Enhancer	chr6	112195155	112197155	FYN
Enhancer	chr6	31735791	31737791	HSPA1B	HSPA1L
Enhancer	chr6	31735835	31737835	HSPA1B	HSPA1L
Enhancer	chr6	31736012	31738012	HSPA1B	HSPA1L
Enhancer	chr6	31736291	31738291	HSPA1B	HSPA1L
Enhancer	chr6	31736335	31738335	HSPA1B	HSPA1L
Enhancer	chr6	31736512	31738512	HSPA1B	HSPA1L
Enhancer	chr6	31736791	31738791	HSPA1B	HSPA1L
Enhancer	chr6	31736835	31738835	HSPA1B	HSPA1L
Enhancer	chr6	31737012	31739012	HSPA1B	HSPA1L
Enhancer	chr6	31737291	31739291	HSPA1B	HSPA1L
Enhancer	chr6	31737335	31739335	HSPA1B	HSPA1L
Enhancer	chr6	31737512	31739512	HSPA1B	HSPA1L
Enhancer	chr6	31737791	31739791	HSPA1B	HSPA1L
Enhancer	chr6	31737835	31739835	HSPA1B	HSPA1L
Enhancer	chr6	31740791	31742791	HSPA1B	HSPA1L
Enhancer	chr6	31740835	31742835	HSPA1B	HSPA1L
Enhancer	chr6	31741335	31743335	HSPA1B	HSPA1L
Enhancer	chr6	31741512	31743512	HSPA1B	HSPA1L
Enhancer	chr6	31741791	31743791	HSPA1B	HSPA1L
Enhancer	chr6	31741835	31743835	HSPA1B	HSPA1L
Enhancer	chr6	31742012	31744012	HSPA1B	HSPA1L
Enhancer	chr6	31742291	31744291	HSPA1B	HSPA1L
Enhancer	chr6	31742335	31744335	HSPA1B	HSPA1L
Enhancer	chr6	31742512	31744512	HSPA1B	HSPA1L
Enhancer	chr6	31742791	31744791	HSPA1B	HSPA1L
Enhancer	chr6	31742835	31744835	HSPA1B	HSPA1L
Enhancer	chr6	31743012	31745012	HSPA1B	HSPA1L
Enhancer	chr6	31743291	31745291	HSPA1B	HSPA1L
Enhancer	chr6	31743335	31745335	HSPA1B	HSPA1L
Enhancer	chr6	31743512	31745512	HSPA1B	HSPA1L
Enhancer	chr6	31743791	31745791	HSPA1B	HSPA1L
Enhancer	chr6	31743835	31745835	HSPA1B	HSPA1L
Enhancer	chr6	31744012	31746012	HSPA1B	HSPA1L
Enhancer	chr6	31744291	31746291	HSPA1B	HSPA1L
Enhancer	chr6	31744335	31746335	HSPA1B	HSPA1L
Enhancer	chr6	31744512	31746512	HSPA1B	HSPA1L
Enhancer	chr6	31744791	31746791	HSPA1B	HSPA1L
Enhancer	chr6	31744835	31746835	HSPA1B	HSPA1L
Enhancer	chr6	31745012	31747012	HSPA1B	HSPA1L
Enhancer	chr6	31745291	31747291	HSPA1B	HSPA1L
Enhancer	chr6	31745335	31747335	HSPA1B	HSPA1L
Enhancer	chr6	31745512	31747512	HSPA1B	HSPA1L
Enhancer	chr6	31745791	31747791	HSPA1B	HSPA1L
Enhancer	chr6	31745835	31747835	HSPA1B	HSPA1L
Enhancer	chr6	31746012	31748012	HSPA1B	HSPA1L
Enhancer	chr6	31759791	31761791	HSPA1B	HSPA1L
Enhancer	chr6	31759835	31761835	HSPA1B	HSPA1L
Enhancer	chr6	31760012	31762012	HSPA1B	HSPA1L
Enhancer	chr6	31760291	31762291	HSPA1B	HSPA1L
Enhancer	chr6	31760335	31762335	HSPA1B	HSPA1L
Enhancer	chr6	31760512	31762512	HSPA1B	HSPA1L
Enhancer	chr6	31760791	31762791	HSPA1B	HSPA1L
Enhancer	chr6	31760835	31762835	HSPA1B	HSPA1L
Enhancer	chr6	31761012	31763012	HSPA1B	HSPA1L
Enhancer	chr6	31761291	31763291	HSPA1B	HSPA1L
Enhancer	chr6	31761335	31763335	HSPA1B	HSPA1L
Enhancer	chr6	31761512	31763512	HSPA1B	HSPA1L
Enhancer	chr6	31761791	31763791	HSPA1B	HSPA1L
Enhancer	chr6	31761835	31763835	HSPA1B	HSPA1L
Enhancer	chr6	31762012	31764012	HSPA1B	HSPA1L
Enhancer	chr6	31762291	31764291	HSPA1B	HSPA1L
Enhancer	chr6	31762335	31764335	HSPA1B	HSPA1L
Enhancer	chr6	31762512	31764512	HSPA1B	HSPA1L
Enhancer	chr6	31762791	31764791	HSPA1B	HSPA1L
Enhancer	chr6	31762835	31764835	HSPA1B	HSPA1L
Enhancer	chr6	31763012	31765012	HSPA1B	HSPA1L
Enhancer	chr6	31763291	31765291	HSPA1B	HSPA1L
Enhancer	chr6	31763335	31765335	HSPA1B	HSPA1L
Enhancer	chr6	31763512	31765512	HSPA1B	HSPA1L
Enhancer	chr6	31763791	31765791	HSPA1B	HSPA1L
Enhancer	chr6	31763835	31765835	HSPA1B	HSPA1L
Enhancer	chr6	31771791	31773791	HSPA1B	HSPA1L
Enhancer	chr6	31771835	31773835	HSPA1B	HSPA1L
Enhancer	chr6	31772012	31774012	HSPA1B	HSPA1L
Enhancer	chr6	31772291	31774291	HSPA1B	HSPA1L
Enhancer	chr6	31772335	31774335	HSPA1B	HSPA1L
Enhancer	chr6	31772512	31774512	HSPA1B	HSPA1L
Enhancer	chr6	31772791	31774791	HSPA1B	HSPA1L
Enhancer	chr6	31772835	31774835	HSPA1B	HSPA1L
Enhancer	chr6	31773012	31775012	HSPA1B	HSPA1L
Enhancer	chr6	31773291	31775291	HSPA1B	HSPA1L
Enhancer	chr6	31773335	31775335	HSPA1B	HSPA1L
Enhancer	chr6	31773512	31775512	HSPA1B	HSPA1L
Enhancer	chr6	31773791	31775791	HSPA1B	HSPA1L
Enhancer	chr6	31773835	31775835	HSPA1B	HSPA1L
Enhancer	chr6	31774012	31776012	HSPA1B	HSPA1L
Enhancer	chr6	31774291	31776291	HSPA1B	HSPA1L
Enhancer	chr6	31774335	31776335	HSPA1B	HSPA1L
Enhancer	chr6	31774512	31776512	HSPA1B	HSPA1L
Enhancer	chr6	31774791	31776791	HSPA1B	HSPA1L
Enhancer	chr6	31774835	31776835	HSPA1B	HSPA1L
Enhancer	chr6	31775012	31777012	HSPA1B	HSPA1L
Enhancer	chr6	31780512	31782512	HSPA1B	HSPA1L
Enhancer	chr6	31780791	31782791	HSPA1B	HSPA1L
Enhancer	chr6	31780835	31782835	HSPA1B	HSPA1L
Enhancer	chr6	31781012	31783012	HSPA1B	HSPA1L
Enhancer	chr6	31781291	31783291	HSPA1B	HSPA1L
Enhancer	chr6	31781335	31783335	HSPA1B	HSPA1L
Enhancer	chr6	31781512	31783512	HSPA1B	HSPA1L
Enhancer	chr6	31781791	31783791	HSPA1B	HSPA1L
Enhancer	chr6	31781835	31783835	HSPA1B	HSPA1L
Enhancer	chr6	31782012	31784012	HSPA1B	HSPA1L
Enhancer	chr6	31782291	31784291	HSPA1B	HSPA1L
Enhancer	chr6	31782335	31784335	HSPA1B	HSPA1L
Enhancer	chr6	31782512	31784512	HSPA1B	HSPA1L
Enhancer	chr6	31782791	31784791	HSPA1B	HSPA1L
Enhancer	chr6	31782835	31784835	HSPA1B	HSPA1L
Enhancer	chr6	31783012	31785012	HSPA1B	HSPA1L
Enhancer	chr6	31783291	31785291	HSPA1B	HSPA1L
Enhancer	chr6	31783335	31785335	HSPA1B	HSPA1L
Enhancer	chr6	31783512	31785512	HSPA1B	HSPA1L
Enhancer	chr6	31783791	31785791	HSPA1B	HSPA1L
Enhancer	chr6	31783835	31785835	HSPA1B	HSPA1L
Enhancer	chr6	31784012	31786012	HSPA1B	HSPA1L
Enhancer	chr6	31784291	31786291	HSPA1B	HSPA1L
Enhancer	chr6	31784335	31786335	HSPA1B	HSPA1L
Enhancer	chr6	31784512	31786512	HSPA1B	HSPA1L
Enhancer	chr6	31784791	31786791	HSPA1B	HSPA1L
Enhancer	chr6	31784835	31786835	HSPA1B	HSPA1L
Enhancer	chr6	31785012	31787012	HSPA1B	HSPA1L
Enhancer	chr6	31785291	31787291	HSPA1B	HSPA1L
Enhancer	chr6	31785335	31787335	HSPA1B	HSPA1L
Enhancer	chr6	31785512	31787512	HSPA1B	HSPA1L
Enhancer	chr6	31785791	31787791	HSPA1B	HSPA1L
Enhancer	chr6	31785835	31787835	HSPA1B	HSPA1L
Enhancer	chr6	31786012	31788012	HSPA1B	HSPA1L
Enhancer	chr6	31786291	31788291	HSPA1B	HSPA1L
Enhancer	chr6	31786335	31788335	HSPA1B	HSPA1L
Enhancer	chr6	31786512	31788512	HSPA1B	HSPA1L
Enhancer	chr6	31786791	31788791	HSPA1B	HSPA1L
Enhancer	chr6	31786835	31788835	HSPA1B	HSPA1L
Enhancer	chr6	31787012	31789012	HSPA1B	HSPA1L
Enhancer	chr6	31787291	31789291	HSPA1B	HSPA1L
Enhancer	chr6	31787335	31789335	HSPA1B	HSPA1L
Enhancer	chr6	31787512	31789512	HSPA1B	HSPA1L
Enhancer	chr6	31787791	31789791	HSPA1B	HSPA1L
Enhancer	chr6	31787835	31789835	HSPA1B	HSPA1L
Enhancer	chr6	31788012	31790012	HSPA1B	HSPA1L
Enhancer	chr6	31788291	31790291	HSPA1B	HSPA1L
Enhancer	chr6	31788335	31790335	HSPA1B	HSPA1L
Enhancer	chr6	31788512	31790512	HSPA1B	HSPA1L
Enhancer	chr6	31788791	31790791	HSPA1B	HSPA1L
Enhancer	chr6	31788835	31790835	HSPA1B	HSPA1L
Enhancer	chr6	31789012	31791012	HSPA1B	HSPA1L
Enhancer	chr6	31789291	31791291	HSPA1B	HSPA1L
Enhancer	chr6	31789335	31791335	HSPA1B	HSPA1L
Enhancer	chr6	31789512	31791512	HSPA1B	HSPA1L
Enhancer	chr6	31789791	31791791	HSPA1B	HSPA1L
Enhancer	chr6	31789835	31791835	HSPA1B	HSPA1L
Enhancer	chr6	31790012	31792012	HSPA1B	HSPA1L
Enhancer	chr6	31790291	31792291	HSPA1B	HSPA1L
Enhancer	chr6	31790335	31792335	HSPA1B	HSPA1L
Enhancer	chr6	31790512	31792512	HSPA1B	HSPA1L
Enhancer	chr6	31790791	31792791	HSPA1B	HSPA1L
Enhancer	chr6	31790835	31792835	HSPA1B	HSPA1L
Enhancer	chr6	31791012	31793012	HSPA1B	HSPA1L
Enhancer	chr6	31792291	31794291	HSPA1B	HSPA1L
Enhancer	chr6	31792335	31794335	HSPA1B	HSPA1L
Enhancer	chr6	31792512	31794512	HSPA1B	HSPA1L
Enhancer	chr6	31792791	31794791	HSPA1B	HSPA1L
Enhancer	chr6	31792835	31794835	HSPA1B	HSPA1L
Enhancer	chr6	31793012	31795012	HSPA1B	HSPA1L
Enhancer	chr6	31793291	31795291	HSPA1B	HSPA1L
Enhancer	chr6	31793335	31795335	HSPA1B	HSPA1L
Enhancer	chr6	31793512	31795512	HSPA1B	HSPA1L
Enhancer	chr6	31793791	31795791	HSPA1B	HSPA1L
Enhancer	chr6	31793835	31795835	HSPA1B	HSPA1L
Enhancer	chr6	31794012	31796012	HSPA1B	HSPA1L
Enhancer	chr6	31794291	31796291	HSPA1B	HSPA1L
Enhancer	chr6	31794335	31796335	HSPA1B	HSPA1L
Enhancer	chr6	31794512	31796512	HSPA1B	HSPA1L
Enhancer	chr6	31794791	31796791	HSPA1B	HSPA1L
Enhancer	chr6	31794835	31796835	HSPA1B	HSPA1L
Enhancer	chr6	31795012	31797012	HSPA1B	HSPA1L
Enhancer	chr6	31795291	31797291	HSPA1B	HSPA1L
Enhancer	chr6	31795335	31797335	HSPA1B	HSPA1L
Enhancer	chr6	31795512	31797512	HSPA1B	HSPA1L
Enhancer	chr6	31795791	31797791	HSPA1B	HSPA1L
Enhancer	chr6	31795835	31797835	HSPA1B	HSPA1L
Enhancer	chr6	31796012	31798012	HSPA1B	HSPA1L
Enhancer	chr6	31796291	31798291	HSPA1B	HSPA1L
Enhancer	chr6	31796335	31798335	HSPA1B	HSPA1L
Enhancer	chr6	31796512	31798512	HSPA1B	HSPA1L
Enhancer	chr6	31796791	31798791	HSPA1B	HSPA1L
Enhancer	chr6	31796835	31798835	HSPA1B	HSPA1L
Enhancer	chr6	31797012	31799012	HSPA1B	HSPA1L
Enhancer	chr6	31797291	31799291	HSPA1B	HSPA1L
Enhancer	chr6	31797335	31799335	HSPA1B	HSPA1L
Enhancer	chr6	31797512	31799512	HSPA1B	HSPA1L
Enhancer	chr6	31797791	31799791	HSPA1B	HSPA1L
Enhancer	chr6	31797835	31799835	HSPA1B	HSPA1L
Enhancer	chr6	31798012	31800012	HSPA1B	HSPA1L
Enhancer	chr6	31798291	31800291	HSPA1B	HSPA1L
Enhancer	chr6	31798335	31800335	HSPA1B	HSPA1L
Enhancer	chr6	31798512	31800512	HSPA1B	HSPA1L
Enhancer	chr6	31798791	31800791	HSPA1B	HSPA1L
Enhancer	chr6	31798835	31800835	HSPA1B	HSPA1L
Enhancer	chr6	31799012	31801012	HSPA1B	HSPA1L
Enhancer	chr6	31799291	31801291	HSPA1B	HSPA1L
Enhancer	chr6	31799335	31801335	HSPA1B	HSPA1L
Enhancer	chr6	31799512	31801512	HSPA1B	HSPA1L
Enhancer	chr6	31799791	31801791	HSPA1B	HSPA1L
Enhancer	chr6	31799835	31801835	HSPA1B	HSPA1L
Enhancer	chr6	31800012	31802012	HSPA1B	HSPA1L
Enhancer	chr6	31800291	31802291	HSPA1B	HSPA1L
Enhancer	chr6	31800335	31802335	HSPA1B	HSPA1L
Enhancer	chr6	31800512	31802512	HSPA1B	HSPA1L
Enhancer	chr6	31800791	31802791	HSPA1B	HSPA1L
Enhancer	chr6	31800835	31802835	HSPA1B	HSPA1L
Enhancer	chr6	31801012	31803012	HSPA1B	HSPA1L
Enhancer	chr6	31801291	31803291	HSPA1B	HSPA1L
Enhancer	chr6	31801335	31803335	HSPA1B	HSPA1L
Enhancer	chr6	31801512	31803512	HSPA1B	HSPA1L
Enhancer	chr6	31801791	31803791	HSPA1B	HSPA1L
Enhancer	chr6	31801835	31803835	HSPA1B	HSPA1L
Enhancer	chr6	31802012	31804012	HSPA1B	HSPA1L
Enhancer	chr6	31802291	31804291	HSPA1B	HSPA1L
Enhancer	chr6	31802335	31804335	HSPA1B	HSPA1L
Enhancer	chr6	31802512	31804512	HSPA1B	HSPA1L
Enhancer	chr6	31802791	31804791	HSPA1B	HSPA1L
Enhancer	chr6	31802835	31804835	HSPA1B	HSPA1L
Enhancer	chr6	31803012	31805012	HSPA1B	HSPA1L
Enhancer	chr6	31803291	31805291	HSPA1B	HSPA1L
Enhancer	chr6	31803335	31805335	HSPA1B	HSPA1L
Enhancer	chr6	31803512	31805512	HSPA1B	HSPA1L
Enhancer	chr6	31803791	31805791	HSPA1B	HSPA1L
Enhancer	chr6	31803835	31805835	HSPA1B	HSPA1L
Enhancer	chr6	31804012	31806012	HSPA1B	HSPA1L
Enhancer	chr6	31804291	31806291	HSPA1B	HSPA1L
Enhancer	chr6	31804335	31806335	HSPA1B	HSPA1L
Enhancer	chr6	31804512	31806512	HSPA1B	HSPA1L
Enhancer	chr6	31804791	31806791	HSPA1B	HSPA1L
Enhancer	chr6	31804835	31806835	HSPA1B	HSPA1L
Enhancer	chr6	31805012	31807012	HSPA1B	HSPA1L
Enhancer	chr6	31805291	31807291	HSPA1B	HSPA1L
Enhancer	chr6	31805335	31807335	HSPA1B	HSPA1L
Enhancer	chr6	31805512	31807512	HSPA1B	HSPA1L
Enhancer	chr6	31805791	31807791	HSPA1B	HSPA1L
Enhancer	chr6	31805835	31807835	HSPA1B	HSPA1L
Enhancer	chr6	31806012	31808012	HSPA1B	HSPA1L
Enhancer	chr6	31806291	31808291	HSPA1B	HSPA1L
Enhancer	chr6	31806335	31808335	HSPA1B	HSPA1L
Enhancer	chr6	31806512	31808512	HSPA1B	HSPA1L
Enhancer	chr6	31806791	31808791	HSPA1B	HSPA1L
Enhancer	chr6	31806835	31808835	HSPA1B	HSPA1L
Enhancer	chr6	31807012	31809012	HSPA1B	HSPA1L
Enhancer	chr6	31827791	31829791	HSPA1B	HSPA1L
Enhancer	chr6	31827835	31829835	HSPA1B	HSPA1L
Enhancer	chr6	31828012	31830012	HSPA1B	HSPA1L
Enhancer	chr6	31828291	31830291	HSPA1B	HSPA1L
Enhancer	chr6	31828335	31830335	HSPA1B	HSPA1L
Enhancer	chr6	31828512	31830512	HSPA1B	HSPA1L
Enhancer	chr6	31828791	31830791	HSPA1B	HSPA1L
Enhancer	chr6	31828835	31830835	HSPA1B	HSPA1L
Enhancer	chr6	31829012	31831012	HSPA1B	HSPA1L
Enhancer	chr6	31829291	31831291	HSPA1B	HSPA1L
Enhancer	chr6	31829335	31831335	HSPA1B	HSPA1L
Enhancer	chr6	31829512	31831512	HSPA1B	HSPA1L
Enhancer	chr6	31829791	31831791	HSPA1B	HSPA1L
Enhancer	chr6	31829835	31831835	HSPA1B	HSPA1L
Enhancer	chr6	31830012	31832012	HSPA1B	HSPA1L
Enhancer	chr6	31830291	31832291	HSPA1B	HSPA1L
Enhancer	chr6	31830335	31832335	HSPA1B	HSPA1L
Enhancer	chr6	31830512	31832512	HSPA1B	HSPA1L
Enhancer	chr6	31830791	31832791	HSPA1B	HSPA1L
Enhancer	chr6	31830835	31832835	HSPA1B	HSPA1L
Enhancer	chr6	31831012	31833012	HSPA1B	HSPA1L
Enhancer	chr6	31831291	31833291	HSPA1B	HSPA1L
Enhancer	chr6	31831335	31833335	HSPA1B	HSPA1L
Enhancer	chr6	31831512	31833512	HSPA1B	HSPA1L
Enhancer	chr6	31831791	31833791	HSPA1B	HSPA1L
Enhancer	chr6	31831835	31833835	HSPA1B	HSPA1L
Enhancer	chr6	31832012	31834012	HSPA1B	HSPA1L
Enhancer	chr6	44167403	44169403	HSP90AB1
Enhancer	chr6	44167903	44169903	HSP90AB1
Enhancer	chr6	44168403	44170403	HSP90AB1
Enhancer	chr6	44168903	44170903	HSP90AB1
Enhancer	chr6	44169403	44171403	HSP90AB1
Enhancer	chr6	44169903	44171903	HSP90AB1
Enhancer	chr6	44170403	44172403	HSP90AB1
Enhancer	chr6	44184403	44186403	HSP90AB1
Enhancer	chr6	44184903	44186903	HSP90AB1
Enhancer	chr6	44185403	44187403	HSP90AB1
Enhancer	chr6	44185903	44187903	HSP90AB1
Enhancer	chr6	44186403	44188403	HSP90AB1
Enhancer	chr6	44186903	44188903	HSP90AB1
Enhancer	chr6	44188403	44190403	HSP90AB1
Enhancer	chr6	44188903	44190903	HSP90AB1
Enhancer	chr6	44189403	44191403	HSP90AB1
Enhancer	chr6	44189903	44191903	HSP90AB1
Enhancer	chr6	44190403	44192403	HSP90AB1
Enhancer	chr6	44190903	44192903	HSP90AB1
Enhancer	chr6	44191403	44193403	HSP90AB1
Enhancer	chr6	44191903	44193903	HSP90AB1
Enhancer	chr6	44192403	44194403	HSP90AB1
Enhancer	chr6	44192903	44194903	HSP90AB1
Enhancer	chr6	44193403	44195403	HSP90AB1
Enhancer	chr6	44193903	44195903	HSP90AB1
Enhancer	chr6	44194403	44196403	HSP90AB1
Enhancer	chr6	44201403	44203403	HSP90AB1
Enhancer	chr6	44201903	44203903	HSP90AB1
Enhancer	chr6	44203903	44205903	HSP90AB1
Enhancer	chr6	44204403	44206403	HSP90AB1
Enhancer	chr6	44204903	44206903	HSP90AB1
Enhancer	chr6	44205403	44207403	HSP90AB1
Enhancer	chr6	44211903	44213903	HSP90AB1
Enhancer	chr6	44212403	44214403	HSP90AB1
Enhancer	chr6	44212903	44214903	HSP90AB1
Enhancer	chr6	44213403	44215403	HSP90AB1
Enhancer	chr6	44213903	44215903	HSP90AB1
Enhancer	chr6	44214403	44216403	HSP90AB1
Enhancer	chr6	44214903	44216903	HSP90AB1
Enhancer	chr6	44215403	44217403	HSP90AB1
Enhancer	chr6	44215903	44217903	HSP90AB1
Enhancer	chr6	44216403	44218403	HSP90AB1
Enhancer	chr6	44216903	44218903	HSP90AB1
Enhancer	chr6	44219403	44221403	HSP90AB1
Enhancer	chr6	44220403	44222403	HSP90AB1
Enhancer	chr6	44220903	44222903	HSP90AB1
Enhancer	chr6	44221403	44223403	HSP90AB1
Enhancer	chr6	44221903	44223903	HSP90AB1
Enhancer	chr6	44222403	44224403	HSP90AB1
Enhancer	chr6	44222903	44224903	HSP90AB1
Enhancer	chr6	44223403	44225403	HSP90AB1
Enhancer	chr6	44223903	44225903	HSP90AB1
Enhancer	chr6	44224403	44226403	HSP90AB1
Enhancer	chr6	44224903	44226903	HSP90AB1
Enhancer	chr6	44225403	44227403	HSP90AB1
Enhancer	chr6	44225903	44227903	HSP90AB1
Enhancer	chr6	44229403	44231403	HSP90AB1
Enhancer	chr6	44229903	44231903	HSP90AB1
Enhancer	chr6	44230403	44232403	HSP90AB1
Enhancer	chr6	44230903	44232903	HSP90AB1
Enhancer	chr6	44231403	44233403	HSP90AB1
Enhancer	chr6	44231903	44233903	HSP90AB1
Enhancer	chr6	44232403	44234403	HSP90AB1
Enhancer	chr6	44232903	44234903	HSP90AB1
Enhancer	chr6	44233403	44235403	HSP90AB1
Enhancer	chr6	52912600	52914600	ICK
Enhancer	chr6	52913100	52915100	ICK
Enhancer	chr6	52923600	52925600	ICK
Enhancer	chr6	52924100	52926100	ICK
Enhancer	chr6	52924600	52926600	ICK
Enhancer	chr6	52925100	52927100	ICK
Enhancer	chr6	52925600	52927600	ICK
Enhancer	chr6	52926100	52928100	ICK
Enhancer	chr6	52926600	52928600	ICK
Enhancer	chr6	52927100	52929100	ICK
Enhancer	chr6	52927600	52929600	ICK
Enhancer	chr6	52928100	52930100	ICK
Enhancer	chr6	52928600	52930600	ICK
Enhancer	chr6	52929100	52931100	ICK
Enhancer	chr6	52929600	52931600	ICK
Enhancer	chr6	52930100	52932100	ICK
Enhancer	chr6	52930600	52932600	ICK
Enhancer	chr6	52931100	52933100	ICK
Enhancer	chr6	52931600	52933600	ICK
Enhancer	chr6	52932100	52934100	ICK
Enhancer	chr6	52932600	52934600	ICK
Enhancer	chr9	127948666	127950666	HSPA5
Enhancer	chr9	127949166	127951166	HSPA5
Enhancer	chr9	127949666	127951666	HSPA5
Enhancer	chr9	127950166	127952166	HSPA5
Enhancer	chr9	127950666	127952666	HSPA5
Enhancer	chr9	127951166	127953166	HSPA5
Enhancer	chr9	127951666	127953666	HSPA5
Enhancer	chr9	127952166	127954166	HSPA5
Enhancer	chr9	127952666	127954666	HSPA5
Enhancer	chr9	127953166	127955166	HSPA5
Enhancer	chr9	127960166	127962166	HSPA5
Enhancer	chr9	127960666	127962666	HSPA5
Enhancer	chr9	127961166	127963166	HSPA5
Enhancer	chr9	127961666	127963666	HSPA5
Enhancer	chr9	127962166	127964166	HSPA5
Enhancer	chr9	127962666	127964666	HSPA5
Enhancer	chr9	127963166	127965166	HSPA5
Enhancer	chr9	127963666	127965666	HSPA5
Enhancer	chr9	127998666	128000666	HSPA5
Enhancer	chr9	127999166	128001166	HSPA5
Enhancer	chr9	127999666	128001666	HSPA5
Enhancer	chr9	128000166	128002166	HSPA5
Enhancer	chr9	128000666	128002666	HSPA5
Enhancer	chr9	128001166	128003166	HSPA5
Enhancer	chr9	128001666	128003666	HSPA5
Enhancer	chr9	128002166	128004166	HSPA5
Enhancer	chr9	128002666	128004666	HSPA5
Enhancer	chr9	128003166	128005166	HSPA5
Enhancer	chr9	128003666	128005666	HSPA5
Enhancer	chr9	128004166	128006166	HSPA5
Enhancer	chr9	128004666	128006666	HSPA5
Enhancer	chr9	128005166	128007166	HSPA5
Enhancer	chr9	128005666	128007666	HSPA5
Enhancer	chr9	128007166	128009166	HSPA5
Enhancer	chr9	128007666	128009666	HSPA5
Enhancer	chr9	128008166	128010166	HSPA5
Enhancer	chr9	128008666	128010666	HSPA5
Enhancer	chr9	128021666	128023666	HSPA5
Enhancer	chr9	128022166	128024166	HSPA5
Enhancer	chr9	128022666	128024666	HSPA5
Enhancer	chr9	128023166	128025166	HSPA5
Enhancer	chr9	128023666	128025666	HSPA5
Enhancer	chr9	128024166	128026166	HSPA5
Enhancer	chr9	128024666	128026666	HSPA5
Enhancer	chr9	128025166	128027166	HSPA5
Enhancer	chr9	128044666	128046666	HSPA5
Enhancer	chr9	128045166	128047166	HSPA5
Enhancer	chr9	128045666	128047666	HSPA5
Enhancer	chr9	128046166	128048166	HSPA5
Enhancer	chr9	128046666	128048666	HSPA5
Enhancer	chr9	128047166	128049166	HSPA5
Enhancer	chr9	128047666	128049666	HSPA5
Enhancer	chrX	47417499	47419499	ARAF
Enhancer	chrX	47417999	47419999	ARAF
Enhancer	chrX	47418499	47420499	ARAF
Enhancer	chrX	47418999	47420999	ARAF
Enhancer	chrX	47419499	47421499	ARAF
Enhancer	chrX	47419999	47421999	ARAF
Enhancer	chrX	47420499	47422499	ARAF
Enhancer	chrX	47420999	47422999	ARAF
Enhancer	chrX	47421499	47423499	ARAF
Enhancer	chrX	47421999	47423999	ARAF
Enhancer	chrX	47422499	47424499	ARAF
Enhancer	chrX	47422999	47424999	ARAF
Enhancer	chrX	47436499	47438499	ARAF
Enhancer	chrX	47436999	47438999	ARAF
Enhancer	chrX	47437499	47439499	ARAF
Enhancer	chrX	47438999	47440999	ARAF
Enhancer	chrX	47439499	47441499	ARAF
Enhancer	chrX	47439999	47441999	ARAF
Enhancer	chrX	47440499	47442499	ARAF
Enhancer	chrX	47440999	47442999	ARAF
Enhancer	chrX	47441499	47443499	ARAF
Enhancer	chrX	47441999	47443999	ARAF
Enhancer	chrX	47443499	47445499	ARAF
Enhancer	chrX	47443999	47445999	ARAF